{
    "K": 372.9589911203051,
    "mu": 0.0010808749683565476,
    "L_f": 27.09030160668053,
    "delta_mean": 0.010808749683565476
}