{
    "K": 138.8511847407102,
    "mu": 0.0011207598346450092,
    "L_f": -2.0,
    "delta_mean": 0.011207598346450092
}