{
    "K": 379.33162010106776,
    "mu": 0.0007126508674114235,
    "L_f": -2.0,
    "delta_mean": 0.007126508674114235
}