{
    "K": 567.1983022849034,
    "mu": 0.00045730727983492775,
    "L_f": -2.0,
    "delta_mean": 0.004573072798349277
}