{
    "K": 208.1399563233927,
    "mu": 0.0014933079010343167,
    "L_f": -2.0,
    "delta_mean": 0.014933079010343167
}